<?xml version="1.0" encoding="UTF-8" standalone="no"?><TaskList Version="2.0"><Task Active="false" ConnectorKind="local" CreationDate="2012-07-14 16:51:39.971 +0200" DueDate="" EndDate="" Estimated="0" Handle="local-10" IssueURL="" Kind="task" Label="Type implementation" LastModified="now" MarkReadPending="false" ModificationDate="" Notes="" NotifiedIncoming="true" Owner="local" Priority="P3" Reminded="false" RepositoryUrl="local" Stale="false" TaskId="10" offlineSyncState="SYNCHRONIZED"/><Task Active="false" ConnectorKind="local" CreationDate="2012-07-14 16:51:51.299 +0200" DueDate="" EndDate="" Estimated="0" Handle="local-11" IssueURL="" Kind="task" Label="Storage (database-like)" LastModified="now" MarkReadPending="false" ModificationDate="" Notes="" NotifiedIncoming="true" Owner="local" Priority="P3" Reminded="false" RepositoryUrl="local" Stale="false" TaskId="11" offlineSyncState="SYNCHRONIZED"/><Task Active="false" ConnectorKind="local" CreationDate="2012-07-14 16:52:04.339 +0200" DueDate="" EndDate="" Estimated="0" Handle="local-12" IssueURL="" Kind="task" Label="Parameter's Metadata" LastModified="now" MarkReadPending="false" ModificationDate="" Notes="" NotifiedIncoming="true" Owner="local" Priority="P3" Reminded="false" RepositoryUrl="local" Stale="false" TaskId="12" offlineSyncState="SYNCHRONIZED"/><Task Active="false" ConnectorKind="local" CreationDate="2012-07-14 16:51:26.980 +0200" DueDate="" EndDate="" Estimated="0" Handle="local-9" IssueURL="" Kind="task" Label="Step storing" LastModified="now" MarkReadPending="false" ModificationDate="" Notes="" NotifiedIncoming="true" Owner="local" Priority="P3" Reminded="false" RepositoryUrl="local" ScheduledEndDate="2012-07-15 23:59:59.999 +0200" ScheduledStartDate="2012-07-09 00:00:00.0 +0200" Stale="false" TaskId="9" offlineSyncState="SYNCHRONIZED"/><Task Active="false" ConnectorKind="local" CreationDate="2012-07-14 16:47:06.223 +0200" DueDate="" EndDate="" Estimated="0" Handle="local-6" IssueURL="https://docs.google.com/document/d/10BBxHYvZtVox3mUbweOJd744L3ceBSGyaKzTbxRJFaY/view#heading=h.uv9ijlqsaaq4" Kind="task" Label="Handle step queue for task execution" LastModified="now" MarkReadPending="false" ModificationDate="" Notes="" NotifiedIncoming="true" Owner="local" Priority="P3" Reminded="false" RepositoryUrl="local" Stale="false" TaskId="6" offlineSyncState="SYNCHRONIZED"/><Task Active="false" ConnectorKind="local" CreationDate="2012-07-14 16:48:21.83 +0200" DueDate="" EndDate="" Estimated="0" Handle="local-7" IssueURL="https://docs.google.com/document/d/10BBxHYvZtVox3mUbweOJd744L3ceBSGyaKzTbxRJFaY/view#heading=h.uv9ijlqsaaq4" Kind="task" Label="Data checking for each step" LastModified="now" MarkReadPending="false" ModificationDate="" Notes="" NotifiedIncoming="true" Owner="local" Priority="P3" Reminded="false" RepositoryUrl="local" Stale="false" TaskId="7" offlineSyncState="SYNCHRONIZED"/><Task Active="false" ConnectorKind="local" CreationDate="2012-07-14 16:49:14.347 +0200" DueDate="" EndDate="" Estimated="0" Handle="local-8" IssueURL="https://docs.google.com/document/d/10BBxHYvZtVox3mUbweOJd744L3ceBSGyaKzTbxRJFaY/view#heading=h.uv9ijlqsaaq4" Kind="task" Label="Data process order manipulation (dependency analysis)" LastModified="now" MarkReadPending="false" ModificationDate="" Notes="" NotifiedIncoming="true" Owner="local" Priority="P3" Reminded="false" RepositoryUrl="local" Stale="false" TaskId="8" offlineSyncState="SYNCHRONIZED"/><Task Active="false" ConnectorKind="local" CreationDate="2012-07-14 16:42:00.718 +0200" DueDate="" EndDate="" Estimated="1" Handle="local-3" IssueURL="https://docs.google.com/document/d/10BBxHYvZtVox3mUbweOJd744L3ceBSGyaKzTbxRJFaY/view#heading=h.pwwyx4b0bk5v" Kind="task" Label="Expected intputs / outputs" LastModified="now" MarkReadPending="false" ModificationDate="" Notes="" NotifiedIncoming="true" Owner="local" Priority="P3" Reminded="false" RepositoryUrl="local" Stale="false" TaskId="3" offlineSyncState="SYNCHRONIZED"/><Task Active="false" ConnectorKind="local" CreationDate="2012-07-14 16:42:37.213 +0200" DueDate="" EndDate="" Estimated="0" Handle="local-4" IssueURL="https://docs.google.com/document/d/10BBxHYvZtVox3mUbweOJd744L3ceBSGyaKzTbxRJFaY/view#heading=h.8nreg3jlirn0" Kind="task" Label="Task information: description and completion" LastModified="now" MarkReadPending="false" ModificationDate="" Notes="" NotifiedIncoming="true" Owner="local" Priority="P3" Reminded="false" RepositoryUrl="local" Stale="false" TaskId="4" offlineSyncState="SYNCHRONIZED"><SubTask Handle="local-5"/></Task><TaskCategory Handle="handle-3" Name="Step"><TaskReference Handle="local-3"/><TaskReference Handle="local-4"/></TaskCategory><TaskCategory Handle="handle-4" Name="Pipeline"><TaskReference Handle="local-9"/></TaskCategory><TaskCategory Handle="handle-2" Name="Scheduler"><TaskReference Handle="local-6"/><TaskReference Handle="local-7"/><TaskReference Handle="local-8"/></TaskCategory><TaskCategory Handle="handle-5" Name="Parameter"><TaskReference Handle="local-10"/><TaskReference Handle="local-11"/><TaskReference Handle="local-12"/></TaskCategory></TaskList>