<?xml version="1.0" encoding="UTF-8" standalone="no"?><TaskList Version="2.0"><Task Active="false" ConnectorKind="local" CreationDate="2012-07-14 16:42:00.718 +0200" DueDate="" EndDate="" Estimated="1" Handle="local-3" IssueURL="https://docs.google.com/document/d/10BBxHYvZtVox3mUbweOJd744L3ceBSGyaKzTbxRJFaY/view#heading=h.pwwyx4b0bk5v" Kind="task" Label="Expected intputs / outputs" LastModified="now" MarkReadPending="false" ModificationDate="" Notes="" NotifiedIncoming="true" Owner="local" Priority="P3" Reminded="false" RepositoryUrl="local" Stale="false" TaskId="3" offlineSyncState="SYNCHRONIZED"/><Task Active="false" ConnectorKind="local" CreationDate="2012-07-14 16:42:37.213 +0200" DueDate="" EndDate="" Estimated="0" Handle="local-4" IssueURL="https://docs.google.com/document/d/10BBxHYvZtVox3mUbweOJd744L3ceBSGyaKzTbxRJFaY/view#heading=h.8nreg3jlirn0" Kind="task" Label="Task information: description and completion" LastModified="now" MarkReadPending="false" ModificationDate="" Notes="" NotifiedIncoming="true" Owner="local" Priority="P3" Reminded="false" RepositoryUrl="local" Stale="false" TaskId="4" offlineSyncState="SYNCHRONIZED"/><Task Active="false" ConnectorKind="local" CreationDate="2012-07-14 16:47:06.223 +0200" DueDate="" EndDate="" Estimated="0" Handle="local-6" IssueURL="https://docs.google.com/document/d/10BBxHYvZtVox3mUbweOJd744L3ceBSGyaKzTbxRJFaY/view#heading=h.uv9ijlqsaaq4" Kind="task" Label="Handle step queue for task execution" LastModified="now" MarkReadPending="false" ModificationDate="" Notes="" NotifiedIncoming="true" Owner="local" Priority="P3" Reminded="false" RepositoryUrl="local" Stale="false" TaskId="6" offlineSyncState="SYNCHRONIZED"/><Task Active="false" ConnectorKind="local" CreationDate="2012-07-14 16:48:21.83 +0200" DueDate="" EndDate="" Estimated="0" Handle="local-7" IssueURL="https://docs.google.com/document/d/10BBxHYvZtVox3mUbweOJd744L3ceBSGyaKzTbxRJFaY/view#heading=h.uv9ijlqsaaq4" Kind="task" Label="Data checking for each step" LastModified="now" MarkReadPending="false" ModificationDate="" Notes="" NotifiedIncoming="true" Owner="local" Priority="P3" Reminded="false" RepositoryUrl="local" Stale="false" TaskId="7" offlineSyncState="SYNCHRONIZED"/><Task Active="false" ConnectorKind="local" CreationDate="2012-07-14 16:49:14.347 +0200" DueDate="" EndDate="" Estimated="0" Handle="local-8" IssueURL="https://docs.google.com/document/d/10BBxHYvZtVox3mUbweOJd744L3ceBSGyaKzTbxRJFaY/view#heading=h.uv9ijlqsaaq4" Kind="task" Label="Data process order manipulation (dependency analysis)" LastModified="now" MarkReadPending="false" ModificationDate="" Notes="" NotifiedIncoming="true" Owner="local" Priority="P3" Reminded="false" RepositoryUrl="local" Stale="false" TaskId="8" offlineSyncState="SYNCHRONIZED"/><Task Active="false" ConnectorKind="local" CreationDate="2012-07-14 16:51:26.980 +0200" DueDate="" EndDate="" Estimated="0" Handle="local-9" IssueURL="" Kind="task" Label="Step storing" LastModified="now" MarkReadPending="false" ModificationDate="" Notes="" NotifiedIncoming="true" Owner="local" Priority="P3" Reminded="false" RepositoryUrl="local" ScheduledEndDate="2012-07-15 23:59:59.999 +0200" ScheduledStartDate="2012-07-09 00:00:00.0 +0200" Stale="false" TaskId="9" offlineSyncState="SYNCHRONIZED"/><Task Active="true" ConnectorKind="local" CreationDate="2012-07-14 16:51:51.299 +0200" DueDate="2012-07-22 00:00:00.0 +0200" EndDate="2012-07-16 23:15:15.581 +0200" Estimated="2" Handle="local-11" IssueURL="" Kind="task" Label="Storage (database-like)" LastModified="now" MarkReadPending="false" ModificationDate="" Notes="- Storage database like&#10;- Retrieve typed parameter by name&#10;- Query available parameters (retrieve parameters description)" NotifiedIncoming="true" Owner="local" Priority="P3" Reminded="false" RepositoryUrl="local" ScheduledEndDate="2012-07-21 23:59:59.999 +0200" ScheduledStartDate="2012-07-15 00:00:00.0 +0200" Stale="false" TaskId="11" offlineSyncState="SYNCHRONIZED"/><Task Active="false" ConnectorKind="local" CreationDate="2012-07-14 16:52:04.339 +0200" DueDate="" EndDate="" Estimated="0" Handle="local-12" IssueURL="" Kind="task" Label="Parameter's Metadata" LastModified="now" MarkReadPending="false" ModificationDate="" Notes="" NotifiedIncoming="true" Owner="local" Priority="P3" Reminded="false" RepositoryUrl="local" Stale="false" TaskId="12" offlineSyncState="SYNCHRONIZED"/><Task Active="false" ConnectorKind="local" CreationDate="2012-07-15 13:12:50.771 +0200" DueDate="" EndDate="2012-07-15 15:02:44.527 +0200" Estimated="2" Handle="local-1" IssueURL="" Kind="task" Label="Implements typed parameter" LastModified="now" MarkReadPending="false" ModificationDate="" Notes="- Types&#10;- Value&#10;- Dependency" NotifiedIncoming="true" Owner="local" Priority="P3" Reminded="false" RepositoryUrl="local" ScheduledEndDate="2012-07-21 23:59:59.999 +0200" ScheduledStartDate="2012-07-15 00:00:00.0 +0200" Stale="false" TaskId="1" offlineSyncState="SYNCHRONIZED"/></TaskList>